Label,PeakEnergy,HarmonicRatio,OnsetStrength,SpectralFlatness,DurationFrames,MidiNote,Time,Confidence
1,0.0,0.0,0.0,0.0,0,64,0.6733786848072563,5.740291760328436
1,2.2985431848557787,0.25424790295058397,2.2985431848557787,0.014505741408743748,1,60,0.9287981859410431,3.6906565863927283
1,3.786998912483081,0.6781795195036423,3.786998912483081,0.014505741408743748,1,67,0.9287981859410431,2.2076019190127947
1,2.9020375033328714,0.31362058795958564,1.5281607762885387,0.014402029354109109,4,64,1.3931972789115645,4.534594744060096
1,3.3781998349407645,0.7624011695682548,0.0,0.014402029354109109,2,67,1.3931972789115645,2.108260546321618
1,1.2510022058642596,0.3914240274859275,0.0,0.014236424094066611,5,64,1.6718367346938776,1.519947638575031
1,3.9090488940999544,0.32011518622633983,3.9090488940999544,0.012150746524571291,1,72,1.8575963718820863,4.960564282780042
1,0.0,0.0,0.0,0.0,0,60,1.9969160997732427,5.831308268642469
1,0.0,0.0,0.0,0.0,0,72,2.2291156462585033,10.46857837871821
1,0.5919169827473288,0.05039384530290512,0.0,0.009220257968358276,4,60,2.3219954648526078,3.762097397970032
1,0.0,0.0,0.0,0.0,0,64,2.36843537414966,3.8841974222215025
1,7.4341955516404505,0.6147453995576213,0.0,0.01057024577000811,6,72,2.414875283446712,6.943379590209612
1,3.30025497252092,0.40409144390650176,0.0,0.01319049334859477,8,64,2.507755102040816,3.323590744897521
1,5.769938434330258,0.6315438972240799,0.0,0.01319049334859477,7,72,2.507755102040816,5.211507778347628
1,1.1232890763410992,0.3727829865680336,0.0,0.012143165464250497,9,64,2.6006349206349206,1.2208327685382043
1,4.355239194695663,0.6679601769569725,0.0,0.012143165464250497,8,72,2.6006349206349206,2.7070777957410197
1,2.9230099636918627,0.19479028439501106,2.331092980944534,0.011398809822813213,5,60,2.786394557823129,5.140466785386475
1,3.2064195985345734,0.29096581077891776,0.06178123595209861,0.011398809822813213,4,67,2.786394557823129,4.799350740265703
1,4.3269844101655695,0.3456476312759411,1.4039744464737067,0.01337425999440564,6,60,2.8792743764172335,5.826521892300593
0,6.918019194854346,0.6177286667062427,3.7115995963197728,0.013488509237150238,5,67,3.0650340136054424,7.65403051609544
0,1.1717082504878849,0.2155754439315058,0.0,0.013488509237150238,7,60,3.0650340136054424,0.9492089160236901
0,3.1360140131360277,0.29517964484528775,0.0,0.011586611767661622,6,67,3.250793650793651,4.672429277150586
0,0.0,0.0,0.0,0.0,0,64,3.413333333333333,4.255824024222977
0,6.8261824875455,0.6483258993870494,3.6901684744094725,0.014807027008690804,7,67,3.5294331065759637,7.538457937334575
0,5.269682758207701,0.7044905052360868,1.3017136614631442,0.00964579872451341,10,72,3.7151927437641725,2.055816654982733
0,0.0,0.0,0.0,0.0,0,60,3.900952380952381,3.987059812680017
0,4.9530041205734365,0.7729192417954489,4.9530041205734365,0.015912191780716987,1,81,4.365351473922902,3.5213075796200246
0,3.683433699188356,0.23709384930973595,2.622155822272373,0.01146354965969054,11,60,4.6439909297052155,6.022186808919051
0,2.623280005431522,0.5369383217414375,2.623280005431522,0.01146354965969054,1,69,4.6439909297052155,1.08437899919187
0,4.266930819324239,0.337073510317267,0.583497120135883,0.013031363524650128,12,60,4.73687074829932,5.9706839838224095
0,4.126197950377184,0.6802809939183092,0.0,0.01462605196458168,14,72,4.829750566893424,2.751027577208645
0,0.9650423774108077,0.20309789193841707,0.0,0.014274080513209721,13,60,4.922630385487528,0.7479913268455811
0,6.656159664523828,0.6301259732692972,0.0,0.014274080513209721,8,67,4.922630385487528,7.269245346723826
0,4.058808705411075,0.39204419553453035,3.001317702268085,0.014040952306460552,13,64,5.108390022675737,5.577736355093519
0,2.7380680113337648,0.6457772977087574,0.0,0.014040952306460552,9,67,5.108390022675737,2.082872839877607
0,0.0,0.0,0.0,0.0,0,71,5.61922902494331,7.976127041973481
0,0.4330078460392169,0.07121930339823145,0.4330078460392169,0.012745224234176549,1,52,5.758548752834467,0.9269488330200575
0,3.294037612741567,0.4767383599570358,0.5559696014078024,0.012745224234176549,10,67,5.758548752834467,2.839474393178119
0,0.0,0.0,0.0,0.0,0,62,6.0836281179138325,4.149975918584884
0,3.699576165636748,0.5035360012076108,0.4055385528951807,0.012576420801336922,11,67,6.222947845804988,3.476527648340928
0,2.7801727220630443,0.39734345291186923,0.0,0.012576420801336922,3,62,6.222947845804988,2.2377565236152046
0,4.981061988322667,0.707950829844015,0.8548640379454824,0.01048991186068321,15,72,6.501587301587302,2.5241583751428225
0,7.871785058101297,0.6345864738237703,3.199072896480759,0.01048991186068321,10,76,6.501587301587302,7.024560350012472
0,4.186733310196389,0.42319042024101966,3.221690932785581,0.011760533216450918,14,60,6.594467120181406,4.147102001227234
0,5.831980488866651,0.6426568084818907,0.0,0.011760533216450918,11,76,6.594467120181406,4.781578176921341
0,2.836428905289087,0.35642550959387004,0.0,0.012361584757109158,15,60,6.6873469387755105,2.5908962534741984
0,4.44250839950377,0.5404567748507378,0.7429322338670219,0.012361584757109158,12,67,6.6873469387755105,3.570203668164285
0,4.1430659192577695,0.45178543730404125,0.08425721384669416,0.014819158041558252,14,64,6.965986394557823,4.32702610617846
0,2.288545604350315,0.7241475455931966,0.0,0.014819158041558252,13,67,6.965986394557823,1.5221536037060477
0,0.0,0.0,0.0,0.0,0,64,7.1053061224489795,5.8352870833589945
0,4.724741844645983,0.5510827314081891,2.436196240295668,0.012791508305699225,14,67,7.151746031746032,3.8176200831849108
0,3.8539421587364693,0.6963028163077286,0.0,0.01301587246764534,14,76,7.244625850340136,2.2166953658830715
0,8.850354036097503,0.5965841211389645,3.701509651167102,0.009099476105449504,4,71,7.430385487528345,7.426870091267057
0,8.107794912768432,0.5798429445158537,5.003468036024882,0.009099476105449504,4,74,7.430385487528345,7.13035487133653
0,6.676900723508332,0.5831012983543999,0.0,0.010877198420729364,5,71,7.523265306122449,5.908937613729413
0,6.091344286590079,0.5914237049132425,0.0,0.010877198420729364,5,74,7.523265306122449,5.392203170373856
0,5.249716318807463,0.5210602308132677,2.852896997138465,0.011831294088467816,16,67,7.616145124716553,4.395548994232892
0,4.101845220348701,0.6025467383429949,0.0,0.011831294088467816,6,71,7.616145124716553,2.3646970094098485
0,4.354688084111576,0.501510899260222,0.0,0.011831294088467816,6,74,7.616145124716553,3.6023273619571374
0,6.422518948089043,0.6973733703450702,1.1728026292815796,0.013313988763778338,17,67,7.7090249433106575,6.110423646046186
0,3.941943613306289,0.45533794920179965,1.1617708912432447,0.01395953208422165,4,62,7.894784580498866,3.8909892631476404
0,2.1311243932455337,0.35757340441426616,0.0,0.01395953208422165,18,67,7.894784580498866,1.4996106726889402
0,1.9087605414971969,0.2218684078112867,0.0,0.01456661891538103,5,62,8.080544217687075,3.1266464939005068
0,4.252424041260518,0.4676481839456421,1.4159951359714311,0.012606309540319206,16,60,8.359183673469389,4.165322527116561
0,6.093075441266345,0.6484763584395539,2.5188503041952495,0.0123690111478287,18,72,8.544943310657596,4.7779005364543226
0,0.3382507078758059,0.09903781362029637,0.3382507078758059,0.0123690111478287,1,41,8.544943310657596,0.2652043055784198
0,4.67795882584768,0.6666924432515546,0.0,0.013279920948651335,19,72,8.6378231292517,3.1658280616316543
0,4.1619188001752905,0.4067224339765824,1.7448919872075734,0.013177303444183587,17,64,8.823582766439909,5.496063343312308
0,5.652224118860901,0.6546380790200514,3.5210997256153673,0.01340162612974094,19,67,9.009342403628118,5.263909471672891
0,2.208221882981953,0.3954046659145569,0.0,0.01340162612974094,18,64,9.009342403628118,2.5634868638145427
0,4.30406215519653,0.2973742421015536,3.861766673493854,0.011686242203134115,18,60,9.287981859410431,6.21449422251989
0,5.716329255949892,0.5647430816337156,0.06410513708899135,0.013895314300656934,20,67,9.47374149659864,5.667872562328013
0,2.5046455944602255,0.32475082146411277,0.0,0.013895314300656934,19,60,9.47374149659864,2.2152927385969456
0,0.0,0.0,0.0,0.0,0,64,9.868480725623582,3.9868563993037163
0,6.074553808361124,0.5561571415125989,0.3582245524112313,0.01325430627277077,21,67,9.93814058956916,6.682239140478269
0,0.0,0.0,0.0,0.0,0,71,10.263219954648527,7.345748383777799
0,6.050333710737014,0.6954251178870212,0.0,0.012597415589020316,22,67,10.402539682539683,5.302363778830196
0,3.4475011482678704,0.6119208687963399,0.0,0.012597415589020316,9,71,10.402539682539683,1.8213987880790523
0,3.953584833948024,0.38101929704341775,2.0448242924508273,0.010825546582043129,6,62,10.681179138321996,3.801438601919345
0,1.681030537975269,0.5836079853731482,0.0,0.010825546582043129,23,67,10.681179138321996,0.9804643950782583
0,0.0,0.0,0.0,0.0,0,62,10.820498866213153,3.9296865162314276
0,4.33531609965849,0.41595259289073344,1.8306705051982646,0.011273181460564323,20,60,11.145578231292516,3.9061935172797804
0,7.239583346468349,0.6272552051306151,3.2198606487038512,0.011273181460564323,19,76,11.145578231292516,6.391901581202993
0,3.9580164992790015,0.4191631904360609,0.0,0.012475377264259728,21,60,11.23845804988662,4.027903472302946
0,0.0,0.0,0.0,0.0,0,76,11.400997732426305,4.344609058532467
0,0.0,0.0,0.0,0.0,0,64,11.749297052154194,5.629903678010201
0,3.059749668409028,0.40810978772893847,0.0,0.013744116346217378,11,74,11.981496598639456,2.4931452512662275
0,2.920159131969577,0.45379200393667996,0.0,0.013744116346217378,10,71,11.981496598639456,2.0307343021278017
0,0.3296004906132864,0.03794796144782883,0.3296004906132864,0.013744116346217378,1,55,11.981496598639456,1.9572329461667248
0,7.890884245592847,0.5780146188173095,4.970725113623271,0.009462631949543969,11,71,12.07437641723356,6.778059463862468
0,7.4123852917273965,0.5708234770030187,4.352635623318369,0.009462631949543969,12,74,12.07437641723356,6.694211576640015
0,6.3848653606052315,0.5887222165615292,0.0,0.011155791933073258,12,71,12.167256235827665,5.68092054798364
0,5.66297717125668,0.5945630320683207,0.0,0.011155791933073258,13,74,12.167256235827665,4.956164718063295
0,2.9576641058940503,0.610751074743581,0.0,0.012399463387898347,13,71,12.26013605442177,1.324164432503477
0,4.106147161747857,0.7248405768912827,0.0,0.012399463387898347,14,74,12.26013605442177,2.2804429526841403
0,0.0,0.0,0.0,0.0,0,62,12.631655328798185,6.2178092327750125
0,0.8891470731492852,0.13307995965116018,0.5595465825359989,0.01448245920721116,2,55,12.910294784580499,1.8005277309493897
0,0.0,0.0,0.0,0.0,0,60,12.95673469387755,6.16938774712168
0,1.1853688896174899,0.1919047172155996,0.0,0.012327255130259795,26,67,13.003174603174603,1.7594880284451995
0,1.6517301449019357,0.25495534531179165,0.0,0.012548731293435256,24,60,13.188934240362812,1.3728522604419184
0,0.0,0.0,0.0,0.0,0,67,13.281814058956916,7.183431702461923
0,0.0,0.0,0.0,0.0,0,64,13.56045351473923,4.141791033752259
0,6.859001796316491,0.5910689197517331,2.519205558324219,0.01289610673935344,29,67,13.653333333333334,7.6638578510684034
0,0.3399589465100151,0.058595979016953605,0.0,0.010412930726108396,3,55,13.839092970521541,0.8606281936485185
0,0.0,0.0,0.0,0.0,0,71,13.955192743764172,7.060373094186618
0,6.800467943109307,0.7061779664906332,2.370170830940217,0.012313410856736654,31,67,14.117732426303855,6.537566232613227
0,2.527950286744442,0.6051671557830279,0.0,0.012313410856736654,17,71,14.117732426303855,1.0156372965411198
0,0.48032500453768817,0.04573971020257065,0.14036605802767305,0.010619733267893582,4,55,14.303492063492063,1.6587799548524305
0,0.0,0.0,0.0,0.0,0,62,14.466031746031746,4.014426320731499
0,2.319628595829371,0.26253223303802387,0.6678984509274353,0.009971053617197384,25,60,14.767891156462586,2.013533983994848
0,4.470005600199104,0.659897654122971,0.0,0.009971053617197384,32,67,14.767891156462586,1.8632295553719966
0,8.586761800702039,0.5266417849565552,4.0911085405927485,0.009971053617197384,26,76,14.767891156462586,8.637370130489678
0,4.2356538497428655,0.4176115967810238,1.9160252539134945,0.01035364157309557,26,60,14.86077097505669,3.660170686535837
0,6.870745287062615,0.5414761677449725,0.0,0.01035364157309557,27,76,14.86077097505669,6.8318395956569615
0,3.7557234317543013,0.40974016543911884,0.0,0.01201365788509555,27,60,14.953650793650795,3.7886001997488647
0,0.0,0.0,0.0,0.0,0,76,15.116190476190475,5.253135328712304
0,2.4267032750288484,0.2979940469037028,0.8978256802575653,0.01384050053006094,26,64,15.232290249433106,2.819189934631173
0,3.6440879762067593,0.705298907890791,0.0,0.01384050053006094,33,67,15.232290249433106,1.9210145008038195
0,0.0,0.0,0.0,0.0,0,64,15.464489795918368,5.788472258442826
0,9.20713538263105,0.5732472475465721,4.517858426918759,0.008298919535137846,17,74,15.696689342403628,8.025719614576781
0,9.383558527467432,0.5824441687691768,6.85560824072299,0.008298919535137846,18,71,15.696689342403628,7.523734044636649
0,3.9867966015746887,0.4757169493254679,0.34270862536792945,0.008298919535137846,34,67,15.696689342403628,1.714316910588773
0,7.397217831532599,0.5787284193702074,0.0,0.010317914636077197,19,71,15.789569160997733,6.375370953055573
0,6.9844119803310445,0.5783574732202007,0.0,0.010317914636077197,18,74,15.789569160997733,6.320383962711349
0,5.881901802773274,0.5940860807050329,0.0,0.011699971991918976,20,71,15.882448979591837,5.2734194749019085
0,4.986950994103488,0.5770362026235901,0.0,0.011699971991918976,19,74,15.882448979591837,4.392320502175523
0,2.22094353672763,0.6176178385486866,0.0,0.012627236872640734,21,71,15.975328798185942,0.7903014758835479
0,3.523969458871795,0.7102427067281577,0.0,0.012627236872640734,20,74,15.975328798185942,1.7957978997104853
0,0.0,0.0,0.0,0.0,0,62,16.34684807256236,6.137438299292433
0,3.9564020910532327,0.3217289534527487,0.0,0.012878292475852614,28,72,16.62548752834467,4.99286418599698
0,0.0,0.0,0.0,0.0,0,60,16.764807256235827,5.777773991339404
0,0.0,0.0,0.0,0.0,0,72,16.99700680272109,10.627102273569427
0,0.5814443819476428,0.04872955072775608,0.0,0.009213158378650136,31,60,17.08988662131519,3.8263499279359774
0,0.0,0.0,0.0,0.0,0,64,17.136326530612244,3.862573289309616
0,7.575371775729919,0.6233425342859666,0.0,0.010436369248437372,33,72,17.182766439909297,7.071120833192056
0,3.3662122398754093,0.4047820337643623,0.0,0.013018822813728367,31,64,17.2756462585034,3.394912079062089
0,5.7764055073602005,0.6283594882630645,0.0,0.013018822813728367,34,72,17.2756462585034,5.219387487882358
0,1.2725520178115186,0.38675607809253565,0.0,0.010933062661391255,32,64,17.368526077097506,1.3542963901217937
0,4.371477138029954,0.5949951079656731,0.0,0.010933062661391255,35,72,17.368526077097506,2.8530873178290914
0,2.707350059600161,0.16641277874643473,2.1259056776525185,0.010617888478471373,32,60,17.554285714285715,5.5253096181254735
0,3.6770592378749143,0.34131127045092036,0.6354289694181983,0.010617888478471373,36,67,17.554285714285715,4.3879749202782765
0,0.0,0.0,0.0,0.0,0,60,17.740045351473924,6.118087675619457
0,0.0,0.0,0.0,0.0,0,67,17.92580498866213,7.530763911190815
0,0.0,0.0,0.0,0.0,0,64,18.181224489795916,4.190727179383221
0,6.738721581799244,0.5934117246715083,3.7184294414838197,0.013637494518536575,39,67,18.297324263038547,7.652119493665306
0,5.311210866360462,0.7580834620190726,0.5390041166396831,0.009297925322246513,38,72,18.483083900226756,1.9886684616640409
0,4.328480787015369,0.4231768136243166,3.195756879585212,0.01076388282123843,35,60,18.575963718820862,4.0057068371035385
0,0.452517780504522,0.063260489482837,0.452517780504522,0.009403355293616125,1,53,18.94748299319728,1.304539954443269
0,6.156909526246619,0.5818829289716161,3.533629520815097,0.014645693818363961,2,69,19.22612244897959,7.279729525242019
0,3.5121778121769336,0.2267996675622384,0.0,0.011074925093591285,36,60,19.4118820861678,5.887757068367773
0,2.4742087403505764,0.5130050342781375,0.0,0.011074925093591285,3,69,19.4118820861678,1.000340750657223
0,0.0,0.0,0.0,0.0,0,60,19.59764172335601,5.979400541898234
0,6.667470306396309,0.6247665131219253,0.0,0.01403140894602898,40,67,19.690521541950112,7.313779594833242
0,4.0430362574694145,0.3904664880835644,2.7818007648189615,0.014652125208041347,36,64,19.87628117913832,5.574069712420311
0,2.7195449209664595,0.6634682826966195,0.0,0.014652125208041347,41,67,19.87628117913832,2.0211989655348197
0,2.721485530385608,0.7786141176138902,0.0019406094191483092,0.009473025583391881,42,67,20.340680272108845,1.350086613672295
0,0.0,0.0,0.0,0.0,0,71,20.387120181405898,8.038553439178756
0,0.4058886572954739,0.07088553172784909,0.0,0.013265782913113018,2,52,20.526439909297054,0.8259496775289709
0,3.69980223581555,0.3586494994167273,2.676094263131348,0.010354699075918027,16,62,20.805079365079365,3.336934159873277
0,2.503358170487345,0.6997540975824685,0.0,0.010354699075918027,43,67,20.805079365079365,1.5189856139564921
0,0.0,0.0,0.0,0.0,0,62,20.94439909297052,4.158268441005118
0,3.685910774002405,0.4666298888703483,1.18255260351506,0.01279955791325555,44,67,20.990839002267574,3.532743789688635
0,3.998369715640604,0.3760867337928685,3.053311681222376,0.010036624606875506,39,60,21.269478458049885,3.5015886208638474
0,7.979349074043995,0.6260928774130915,3.300855981095567,0.010036624606875506,40,76,21.269478458049885,7.16458750495082
0,4.213849474594807,0.4228552595131708,0.2154797589542028,0.01211779879213061,40,60,21.36235827664399,4.118676993670707
0,6.009081392702325,0.6563808505663338,0.0,0.01211779879213061,41,76,21.36235827664399,4.955618396923347
0,3.659093147632157,0.7652202585264677,0.0,0.013133971864233748,44,72,21.455238095238094,1.8476645182680123
0,0.0,0.0,0.0,0.0,0,64,21.84997732426304,5.7457501703501705
0,0.0,0.0,0.0,0.0,0,67,21.966077097505668,6.001527062052957
0,3.8707322938375364,0.6791334839858406,0.0,0.012787790439928205,44,76,22.01251700680272,2.295934874193596
0,8.89596127326555,0.5946156183950007,4.077883846150929,0.009138639081308016,25,71,22.19827664399093,7.5576745927138385
0,8.108437021729879,0.5889586935075978,4.5783522986170775,0.009138639081308016,25,74,22.19827664399093,7.043522983282504
0,6.82646920065605,0.5862606821979944,0.0,0.010521381507783102,26,71,22.291156462585032,6.073486399319345
0,6.14182382450005,0.6019663596654675,0.0,0.010521381507783102,26,74,22.291156462585032,5.344649826298745
0,4.565945359861232,0.6172750552112944,0.0,0.012639952293744821,27,71,22.38403628117914,3.135732255479744
0,3.9332591731078614,0.46974142718101847,1.9767249982432804,0.014272662548524141,19,62,22.66267573696145,3.7484772334571024
0,2.0746748766280136,0.33980776071031243,0.0,0.014272662548524141,48,67,22.66267573696145,1.5595945700987273
0,1.8687374342277847,0.21911691345708884,0.0,0.014593983957963767,20,62,22.84843537414966,3.112115202117851
0,0.0,0.0,0.0,0.0,0,60,23.173514739229027,5.821719589300264
0,0.32834669689872154,0.09394927716371375,0.0,0.012523113645622823,4,41,23.312834467120183,0.27021547773764737
0,0.0,0.0,0.0,0.0,0,72,23.359274376417233,4.791579199543722
0,0.0,0.0,0.0,0.0,0,64,23.6843537414966,5.510487667787829
0,5.669214879370249,0.6495735183303321,0.0,0.014451406976441046,50,67,23.777233560090703,5.36755388696045
0,1.145657102289278,0.47856301986833116,0.0,0.014451406976441046,49,72,23.777233560090703,0.3334687177989628
0,0.4005215924446309,0.259911873480203,0.4005215924446309,0.09613554592650811,1,54,4.922630385487528,0.23418872427252677
0,0.9567316565124442,0.5977370967536318,0.9567316565124442,0.09613554592650811,1,77,4.922630385487528,0.2682669427851264
0,3.9644037313266574,0.6549464849077833,3.9644037313266574,0.09023242611416549,1,38,5.38702947845805,0.4549626218433552
0,2.415012400285461,0.36108834957702857,2.415012400285461,0.08370669078302909,1,35,5.851428571428571,5.233676517696207
0,2.415012400285461,0.36108834957702857,2.415012400285461,0.08370669078302909,1,36,5.851428571428571,5.233676517696207
0,0.4005215924446309,0.259911873480203,0.4005215924446309,0.09613554592650811,1,54,4.922630385487528,0.23418872427252677
0,0.9567316565124442,0.5977370967536318,0.9567316565124442,0.09613554592650811,1,77,4.922630385487528,0.2682669427851264
0,3.9644037313266574,0.6549464849077833,3.9644037313266574,0.09023242611416549,1,38,5.38702947845805,0.4549626218433552
0,2.415012400285461,0.36108834957702857,2.415012400285461,0.08370669078302909,1,35,5.851428571428571,5.233676517696207
0,2.415012400285461,0.36108834957702857,2.415012400285461,0.08370669078302909,1,36,5.851428571428571,5.233676517696207
1,2.8197197721969993,0.6491122453224915,2.8197197721969993,0.2953135365136049,1,48,2.2291156462585033,3.329709728919598
1,1.3446879352050967,0.5889250162365088,1.3446879352050967,0.4855100809333454,1,47,2.3219954648526078,1.1937013609542957
1,0.5885576303147761,0.021330789041371697,0.5885576303147761,0.09996641858669521,1,60,2.693514739229025,5.878271537989437
1,0.394196573277223,0.02862417436037121,0.394196573277223,0.11815846868523779,1,65,2.786394557823129,1.4432860655377853
1,0.0,0.0,0.0,0.0,0,72,2.8328344671201813,13.110761766593109
1,0.0,0.0,0.0,0.0,0,67,3.01859410430839,19.03734985699831
1,0.0,0.0,0.0,0.0,0,64,3.2043537414965986,32.578406150094054
1,1.3537603553817057,0.18083820839533152,1.3537603553817057,0.07306965522213268,1,55,3.3436734693877552,1.7604527220278097
1,5.535660096521494,0.11464693871560734,1.652614144658159,0.10678631830127014,4,67,3.436553287981859,17.93620036648212
1,2.057159590981488,0.07564214743935511,1.468601960666712,0.13449768955328328,2,60,3.5294331065759637,5.350634472110983
1,4.014651289689273,0.12221775406578149,0.0,0.13449768955328328,5,67,3.5294331065759637,13.594974984368424
1,0.0,0.0,0.0,0.0,0,60,3.6687528344671203,8.9272038077502
1,0.551685307613652,0.05836926580524141,0.0,0.16883052576584512,3,76,3.7151927437641725,1.24587240139636
1,1.3980416063035812,0.037285946526527315,0.34981152104830904,0.16199878552759783,5,60,3.900952380952381,6.12876068228438
1,0.0,0.0,0.0,0.0,0,67,3.947392290249433,18.875440073800046
0,5.27068299961426,0.06425049087667836,1.001870352651216,0.0823479179931159,3,64,4.08671201814059,30.22239598333255
0,0.7407518946962883,0.013834702522981237,0.7407518946962883,0.09204734849584172,1,57,4.179591836734694,8.00346993158597
0,0.0,0.0,0.0,0.0,0,64,4.226031746031746,24.554661736870546
0,0.0,0.0,0.0,0.0,0,67,4.4117913832199545,15.125252152868493
0,0.0,0.0,0.0,0.0,0,60,4.667210884353741,23.28963710584693
0,3.2775108858977107,0.10286846976149576,0.0,0.08560483094014583,10,67,4.73687074829932,9.25639635390861
0,1.1139760021404925,0.15677863904081965,0.0,0.0939010692917695,2,55,4.829750566893424,1.0095447332071426
0,11.91438056745453,0.5657474646827753,0.0,0.0939010692917695,9,72,4.829750566893424,5.12747362365676
0,3.485252283381556,0.12721731901576014,0.0,0.13713375450960286,12,67,4.922630385487528,10.51892632651556
0,0.794377056702576,0.027101985239258865,0.0,0.13713375450960286,9,60,4.922630385487528,6.25342135780084
